Run_ID,liqSol.C,koji.C,tempC.C,liqSol,koji,tempC,cordycepin,totAcid
1,-1,-1,0,1.5,6,26,44.20,7.8
2,1,-1,0,2.5,6,26,36.31,7.2
3,-1,1,0,1.5,10,26,32.34,8.1
4,-1,1,0,2.5,10,26,32.62,7.5
5,-1,0,-1,1.5,8,24,38.27,7.7
6,1,0,-1,2.5,8,24,34.84,7.1
7,-1,0,1,1.5,8,28,40.99,7.7
8,1,0,1,2.5,8,28,34.22,7.3
9,0,-1,-1,2,6,24,38.42,6.6
10,0,1,-1,2,10,24,32.56,7.4
11,0,-1,1,2,6,28,37.61,7.1
12,0,1,1,2,10,28,31.68,7.4
13,0,0,0,2,8,26,41.55,7.1
14,0,0,0,2,8,26,40.12,7.2
15,0,0,0,2,8,26,42.15,7.3
16,0,0,0,2,8,26,42.00,7.1
17,0,0,0,2,8,26,39.87,7.2
