runNum,dyeC,dye,titDioxC,titDiox,pigmentC,pigment,LMn,LSD,aMn,aSD,bMn,bSD
1,-1,0.03,-1,0.03,-1,0.22,36.08,0.31,41.4,0.39,0.91,0.02
2,-1,0.03,1,0.13,1,0.42,35.63,0.13,45.25,0.48,4.16,0.2
3,1,0.13,-1,0.03,1,0.42,30.38,0.03,33.35,0.05,0.84,0.01
4,1,0.13,1,0.13,-1,0.22,29.77,0.24,32.11,0.26,-6.96,0.06
5,0,0.08,0,0.08,0,0.32,33.56,0.01,41.55,0.03,-1.28,0.01
6,-1,0.03,-1,0.03,1,0.42,35.34,0.02,44.86,0.03,3.49,0.02
7,-1,0.03,1,0.13,1,0.22,33.81,0.02,41.61,0.01,0.28,0.02
8,1,0.13,-1,0.03,-1,0.22,27.7,0.04,30.13,0.02,-2.14,0.02
9,1,0.13,1,0.13,1,0.42,28.35,0.03,33.9,0.02,-2.33,0.01
10,0,0.08,0,0.08,0,0.32,31.65,0.01,33.02,0.01,-1.14,0.01
11,-1.67,0,0,0.08,0,0.32,37.41,0.01,39.25,0.03,6.33,0.01
12,1.67,0.16,0,0.08,0,0.32,28.42,0.04,29.72,0.02,-5.42,0.02
13,0,0.08,1.67,0,0,0.32,26.83,0.07,31.71,0.05,2.78,0.01
14,0,0.08,-1.67,0.16,0,0.32,32.32,0.02,36.97,0.02,-2.23,0.01
15,0,0.08,0,0.08,1.67,0.16,32.11,0.03,27.67,0.04,-4.85,0.01
16,0,0.08,0,0.08,-1.67,0.48,29.57,0.02,37,0.03,3.43,0.01
17,0,0.08,0,0.08,0,0.32,28.8,0.05,35.98,0.08,-0.2,0.02
