runNum,betaConc,tempCur,timeCur,graftYld,tensStrng,yellow,washDur1,washDur2,washDur3,washDur4,washDur5
1,60,130,8,5.26,9.52,8.74,5.2,4.66,3.98,3.16,2.45
2,80,100,6,7.08,17.54,14.21,6.91,6.17,5.88,5.73,5.45
3,80,130,8,7.75,18.78,18.33,7.61,7.14,6.62,6.42,5.72
4,60,160,6,5.76,9.36,8.83,5.34,4.78,4.12,3.65,2.98
5,70,130,6,6.01,12.03,11.72,5.94,5.22,4.87,4.67,4.22
6,70,100,4,5.69,10.22,11.14,5.44,5.11,4.78,3.66,2.67
7,60,130,4,5.18,9.32,8.11,4.87,4.22,3.69,2.87,2.18
8,70,130,6,6.19,12.13,11.06,5.93,5.27,4.87,4.13,3.45
9,70,160,4,6.04,10.97,11.46,5.83,5.11,4.88,4.52,4.03
10,70,160,8,6.67,11.32,13.62,6.29,6.06,5.62,4.98,4.49
11,70,100,8,5.47,10.73,10.79,5.22,5.02,4.81,4.2,3.74
12,60,100,6,5.46,9.26,8.29,5.27,5.11,4.53,3.76,2.94
13,70,130,6,6.23,12.07,11.03,6.09,5.83,5.29,4.88,4.29
14,80,160,6,7.62,19.17,17.86,7.44,6.61,6.18,5.91,5.77
15,80,130,4,7.02,17.97,13.64,6.88,6.11,5.77,5.62,5.24
16,70,130,6,6.01,12.11,11.02,5.81,5.34,5.1,4.87,4.23
17,70,130,6,6.19,12.08,11.14,5.92,5.73,5.34,4.96,4.27
