runID,GuHCl_C,extTime_C,extTemp_C,ultraPwr_C,extEff_Y,GuHCl,extTime,extTemp,ultraPwr
1,-1,-1,-1,-1,12.9,1.75,90,55,160
2,1,-1,-1,-1,13.5,2.25,90,55,160
3,-1,1,-1,-1,16.2,1.75,150,55,160
4,1,1,-1,-1,15.1,2.25,150,55,160
5,-1,-1,1,-1,13.6,1.75,90,65,160
6,1,-1,1,-1,12.9,2.25,90,65,160
7,-1,1,1,-1,15,1.75,150,65,160
8,1,1,1,-1,13.8,2.25,150,65,160
9,-1,-1,-1,1,15.2,1.75,90,55,240
10,1,-1,-1,1,14.1,2.25,90,55,240
11,-1,1,-1,1,16.4,1.75,150,55,240
12,1,1,-1,1,14.7,2.25,150,55,240
13,-1,-1,1,1,13.8,1.75,90,65,240
14,1,-1,1,1,13.1,2.25,90,65,240
15,-1,1,1,1,14.5,1.75,150,65,240
16,1,1,1,1,12.5,2.25,150,65,240
17,-2,0,0,0,15.2,1.5,120,60,200
18,2,0,0,0,13,2.5,120,60,200
19,0,-2,0,0,13.9,2,60,60,200
20,0,2,0,0,15.1,2,180,60,200
21,0,0,-2,0,15.6,2,120,50,200
22,0,0,2,0,14.4,2,120,70,200
23,0,0,0,-2,12.6,2,120,60,120
24,0,0,0,2,14.8,2,120,60,280
25,0,0,0,0,17.6,2,120,60,200
26,0,0,0,0,17.3,2,120,60,200
27,0,0,0,0,17.6,2,120,60,200
28,0,0,0,0,17,2,120,60,200
29,0,0,0,0,17.2,2,120,60,200
30,0,0,0,0,17.7,2,120,60,200
