runNum,c.predrytime,c.frytemp,c.frytime,predrytime,frytemp,frytime,moisture,fat,breakforce
1,-1,-1,-1,3,90,15,27.52,23.12,1337.2
2,-1,-1,1,3,90,25,9.08,28.69,974.6
3,-1,1,-1,3,110,15,14.55,27.82,886.7
4,-1,1,1,3,110,25,8.13,32.56,748.9
5,1,-1,-1,9,90,15,13.95,17.04,1040.3
6,1,-1,1,9,90,25,8.57,20.97,813.1
7,1,1,-1,9,110,15,3.28,20.42,719.3
8,1,1,1,9,110,25,2.97,24.98,656.8
9,-1.682,0,0,0.95,100,20,13.02,27.58,1007.8
10,1.682,0,0,11.05,100,20,6.87,19.01,903.3
11,0,-1.682,0,6,83.18,20,16.08,20.85,1153.4
12,0,1.682,0,6,116.82,20,6.03,24.92,488.5
13,0,0,-1.682,6,100,11.59,17.69,20.39,1308
14,0,0,1.682,6,100,28.41,5.52,24.32,517.3
15,0,0,0,6,100,20,7.9,22.83,759.9
16,0,0,0,6,100,20,8.01,23.94,682
17,0,0,0,6,100,20,7.73,21.27,715
18,0,0,0,6,100,20,7.86,21.88,735.2
19,0,0,0,6,100,20,8.13,22.56,636
20,0,0,0,6,100,20,8.05,22.98,652.7
