runnum,X1,X2,X3,X4,colour,cod,bod,XC1,XC2,XC3,XC4
1,15,5,1,30,81.1,71.5,67.8,0,-1,0,1
2,15,7,1,20,93.6,90.2,86.8,0,0,0,0
3,25,7,0,20,84,81,77.1,1,0,-1,0
4,15,7,1,20,93.6,90.2,86.8,0,0,0,0
5,15,7,2,10,74,68.6,60.6,0,0,1,-1
6,5,7,0,20,64.1,58.5,56,-1,0,-1,0
7,5,5,1,20,66.1,56.8,53.3,-1,-1,0,0
8,15,5,1,10,48.7,42.1,32.5,0,-1,0,-1
9,25,9,1,20,80.1,76,72.5,1,1,0,0
10,15,7,1,20,93.6,90.2,86.8,0,0,0,0
11,15,7,2,30,99.6,93.1,90.2,0,0,1,1
12,5,7,2,20,78,74.8,69,-1,0,1,0
13,5,7,1,10,52.6,42,38,-1,0,0,-1
14,15,5,0,20,61.2,57,52.3,0,-1,-1,0
15,25,7,1,30,98.5,93.6,90.9,1,0,0,1
16,15,7,1,20,93.6,90.2,86.8,0,0,0,0
17,25,7,1,10,78.2,72,68,1,0,0,-1
18,15,7,0,30,83.4,79.4,74,0,0,-1,1
19,15,7,1,20,93.6,90.2,86.8,0,0,0,0
20,5,7,1,30,82,77.2,75.4,-1,0,0,1
21,25,5,1,20,72.2,65.1,62,1,-1,0,0
22,15,9,1,10,49.1,45.2,41.3,0,1,0,-1
23,15,7,0,10,52.5,47.5,41.8,0,0,-1,-1
24,15,9,2,20,68,65.2,61.6,0,1,1,0
25,25,7,2,20,97,92.5,90.2,1,0,1,0
26,5,9,1,20,42,38,36.1,-1,1,0,0
27,15,9,1,30,81.2,75.6,68.7,0,1,0,1
28,15,9,0,20,60.2,56.6,53.1,0,1,-1,0
29,15,5,2,20,81.3,74.7,69.8,0,-1,1,0
