Run_ID,maltExt.C,ystInoc.C,fermTm.C,maltExt,ystInoc,fermTm,ethConc,ystCell,utilSug
1,-1,-1,-1,1.5,2,1.5,1.58,8.39,13.22
2,1,-1,-1,4.5,2,1.5,1.36,8.26,14.98
3,-1,1,-1,1.5,5,1.5,2.07,8.72,14.11
4,1,1,-1,4.5,5,1.5,1.69,8.1,13.25
5,-1,-1,1,1.5,2,3.5,2.39,8.24,11.95
6,1,-1,1,4.5,2,3.5,0.71,8.02,8.32
7,-1,1,1,1.5,5,3.5,2.52,8.5,16.95
8,1,1,1,4.5,5,3.5,0.68,7.92,10.51
9,-1.68,0,0,0.48,3.5,2.5,4.72,8.99,22.86
10,1.68,0,0,5.52,3.5,2.5,2.97,8.35,16.84
11,0,-1.68,0,3,0.98,2.5,0.48,7.87,9.12
12,0,1.68,0,3,6.02,2.5,0.9,7.88,11.77
13,0,0,-1.68,3,3.5,0.82,0.76,8.43,7.94
14,0,0,1.68,3,3.5,4.18,0.98,7.93,9.97
15,0,0,0,3,3.5,2.5,2.98,8.35,17.27
16,0,0,0,3,3.5,2.5,2.92,8.3,18.88
17,0,0,0,3,3.5,2.5,3.08,8.35,17.82
18,0,0,0,3,3.5,2.5,3.06,8.28,18.12
