tempC,mtorC,kohC,temp_X1,mtor_X2,koh_X3,fame_Y
1,1,1,40,7.5,0.7,81.5
1,1,0,40,7.5,0.5,75.9
1,1,-1,40,7.5,0.3,75.33
1,0,1,40,6,0.7,70.93
1,0,0,40,6,0.5,67.52
1,0,-1,40,6,0.3,55.33
1,-1,1,40,4.5,0.7,65.8
1,-1,0,40,4.5,0.5,77.83
1,-1,-1,40,4.5,0.3,33.63
0,1,1,30,7.5,0.7,80.99
0,1,0,30,7.5,0.5,71.93
0,1,-1,30,7.5,0.3,29.21
0,0,1,30,6,0.7,92.29
0,0,0,30,6,0.5,73.7
0,0,-1,30,6,0.3,44.23
0,-1,1,30,4.5,0.7,76.08
0,-1,0,30,4.5,0.5,63.37
0,-1,-1,30,4.5,0.3,47.5
-1,1,1,20,7.5,0.7,88.03
-1,1,0,20,7.5,0.5,67.41
-1,1,-1,20,7.5,0.3,48.11
-1,0,1,20,6,0.7,66.9
-1,0,0,20,6,0.5,41.05
-1,0,-1,20,6,0.3,33.86
-1,-1,1,20,4.5,0.7,45.15
-1,-1,0,20,4.5,0.5,36.69
-1,-1,-1,20,4.5,0.3,30.73
1,1,1,40,7.5,0.7,94.24
1,1,0,40,7.5,0.5,83.11
1,1,-1,40,7.5,0.3,68.17
1,0,1,40,6,0.7,88.66
1,0,0,40,6,0.5,69.75
1,0,-1,40,6,0.3,60.08
1,-1,1,40,4.5,0.7,75.97
1,-1,0,40,4.5,0.5,74.72
1,-1,-1,40,4.5,0.3,52.85
0,1,1,30,7.5,0.7,80.64
0,1,0,30,7.5,0.5,64
0,1,-1,30,7.5,0.3,48.15
0,0,1,30,6,0.7,86.98
0,0,0,30,6,0.5,59.68
0,0,-1,30,6,0.3,37.82
0,-1,1,30,4.5,0.7,89.54
0,-1,0,30,4.5,0.5,79.07
0,-1,-1,30,4.5,0.3,37.68
-1,1,1,20,7.5,0.7,75.46
-1,1,0,20,7.5,0.5,78.56
-1,1,-1,20,7.5,0.3,37.99
-1,0,1,20,6,0.7,77.7
-1,0,0,20,6,0.5,29.1
-1,0,-1,20,6,0.3,12.31
-1,-1,1,20,4.5,0.7,59.1
-1,-1,0,20,4.5,0.5,62.34
-1,-1,-1,20,4.5,0.3,29.65
